Site,Group,Taxa,Cover,Notes
97,Coral,Porites_massive,65,
97,Coral,Montipora,15,
97,Coral,Pocillopora,15,
97,Coral,Millepora,5,
97,Macroalgae,Turbinaria,90,
97,Macroalgae,Sargassum,5,
97,Macroalgae,Halimeda,5,
99,Coral,Porites_rus,90,
99,Coral,Porites_massive,5,
99,Coral,Montipora,5,
99,Macroalgae,Caulerpa,30,
99,Macroalgae,Turbinaria,30,
99,Macroalgae,Dictyota,10,
99,Macroalgae,Halimeda,30,
100,Coral,Porites_massive,35,
100,Coral,Montipora,35,
100,Coral,Pocillopora,30,
100,Macroalgae,Turbinaria,75,
100,Macroalgae,Halimeda,10,
100,Macroalgae,Dictyota,10,
100,Macroalgae,Asparagopsis,5,
101,Coral,Porites_massive,50,
101,Coral,Montipora,20,
101,Coral,Pocillopora,20,
101,Coral,Porites_rus,10,
101,Macroalgae,Dictyota,20,
101,Macroalgae,Halimeda,20,
101,Macroalgae,Asparagopsis,10,
101,Macroalgae,Turbinaria,50,
103,Macroalgae,Turbinaria,30,
103,Macroalgae,Dictyota,30,
103,Macroalgae,Halimeda,30,
103,Macroalgae,Sargassum,10,
103,Coral,Montipora,40,
103,Coral,Porites_massive,30,
103,Coral,Porites_rus,30,
102,Coral,Porites_massive,70,
102,Coral,Montipora,20,
102,Coral,Pocillopora,10,
102,Macroalgae,Dictyota,50,
102,Macroalgae,Halimeda,30,
102,Macroalgae,Turbinaria,20,
104,Coral,Porites_massive,65,
104,Coral,Porites_rus,25,
104,Coral,Acropora_pulchra,5,
104,Coral,Montipora,5,
104,Macroalgae,Padina,15,
104,Macroalgae,Dictyota,15,
104,Macroalgae,Halimeda,35,
104,Macroalgae,Turbinaria,30,
104,Macroalgae,Caulerpa,5,
105,Coral,Porites_massive,55,
105,Coral,Montipora,40,
105,Coral,Pocillopora,5,
105,Macroalgae,Dictyota,30,
105,Macroalgae,Halimeda,30,
105,Macroalgae,Turbinaria,40,
106,Coral,Montipora,90,
106,Coral,Porites_rus,10,
106,Macroalgae,Dictyota,70,
106,Macroalgae,Halimeda,10,
106,Macroalgae,Turbinaria,20,
107,Coral,Pavona,25,
107,Coral,Montipora,35,
107,Coral,Porites_rus,10,
107,Coral,Pocillopora_acuta,15,
107,Coral,Acropora_pulchra,15,
107,Macroalgae,Dictyota,40,
107,Macroalgae,Turbinaria,40,
107,Macroalgae,Halimeda,20,
LTER_6_Fringe,Coral,Montipora,25,
LTER_6_Fringe,Coral,Pavona,30,
LTER_6_Fringe,Coral,Pocillopora_acuta,5,
LTER_6_Fringe,Coral,Acropora_cytherea,15,
LTER_6_Fringe,Coral,Acropora_pulchra,25,
LTER_6_Fringe,Macroalgae,Dictyota,40,
LTER_6_Fringe,Macroalgae,Halimeda,40,
LTER_6_Fringe,Macroalgae,Turbinaria,20,
47,Coral,Porites_massive,65,
47,Coral,Montipora,20,
47,Coral,Pocillopora,10,
47,Coral,Acropora,5,
47,Macroalgae,Turbinaria,10,
47,Macroalgae,Halimeda,40,
47,Macroalgae,Dictyota,15,
47,Macroalgae,Amansia,35,
15,Coral,Porites_rus,78,
15,Coral,Porites_massive,10,
15,Coral,Montipora,10,
15,Coral,Pavona,2,
15,Macroalgae,Padina,95,
15,Macroalgae,Halimeda,5,
8,Coral,Porites_rus,80,
8,Coral,Porites_massive,5,
8,Coral,Montipora,5,
8,Coral,Pavona,4,
8,Coral,Pocillopora_acuta,1,
8,Coral,Acropora_pulchra,5,
8,Macroalgae,Turbinaria,70,
8,Macroalgae,Dictyota,30,
4,Coral,Porites_massive,30,
4,Coral,Montipora,30,
4,Coral,Pavona,30,
4,Coral,Porites_rus,10,
4,Macroalgae,Halimeda,40,
4,Macroalgae,Dictyota,40,
4,Macroalgae,Turbinaria,20,
3,Coral,Porites_massive,69,
3,Coral,Montipora,15,
3,Coral,Pocillopora,7,
3,Coral,Acropora,1,
3,Coral,Porites_rus,8,
3,Macroalgae,Dictyota,20,
3,Macroalgae,Halimeda,70,
3,Macroalgae,Turbinaria,10,
49,Coral,Porites_massive,30,
49,Coral,Porites_rus,35,
49,Coral,Montipora,35,
49,Macroalgae,Halimeda,40,
49,Macroalgae,Dictyota,30,
49,Macroalgae,Padina,30,
7,Coral,Porites_rus,50,
7,Coral,Montipora,30,
7,Coral,Porites_massive,20,
7,Macroalgae,Dictyota,50,
7,Macroalgae,Padina,20,
7,Macroalgae,Halimeda,20,
7,Macroalgae,Turbinaria,10,
14,Coral,Porites_massive,40,
14,Coral,Montipora,35,
14,Coral,Porites_rus,15,
14,Coral,Pocillopora,10,
14,Macroalgae,Dictyota,75,
14,Macroalgae,Turbinaria,25,
5,Coral,Porites_massive,70,
5,Coral,Montipora,20,
5,Coral,Pocillopora,10,
5,Macroalgae,Dictyota,50,
5,Macroalgae,Halimeda,30,
5,Macroalgae,Turbinaria,20,
11,Coral,Porites_massive,80,
11,Coral,Porites_rus,15,
11,Coral,Montipora,5,
11,Macroalgae,Padina,70,
11,Macroalgae,Dictyota,15,
11,Macroalgae,Turbinaria,15,
10,Coral,Porites_massive,70,
10,Coral,Montipora,20,
10,Coral,Porites_rus,5,
10,Coral,Pocillopora,5,
10,Macroalgae,Dictyota,60,
10,Macroalgae,Turbinaria,30,
10,Macroalgae,Halimeda,10,
6,Coral,Porites_massive,60,
6,Coral,Montipora,30,
6,Coral,Pocillopora,10,
6,Macroalgae,Turbinaria,50,
6,Macroalgae,Dictyota,25,
6,Macroalgae,Halimeda,15,
6,Macroalgae,Amansia,10,
161,Coral,Porites_massive,70,
161,Coral,Porites_rus,25,
161,Coral,Pocillopora,4,
161,Coral,Acropora,1,
161,Macroalgae,Turbinaria,100,
162,Coral,Porites_rus,95,
162,Coral,Porites_massive,4,
162,Coral,Pocillopora_acuta,1,
162,Macroalgae,Halimeda,10,
162,Macroalgae,Dictyota,50,
162,Macroalgae,Padina,20,
162,Macroalgae,Turbinaria,20,
167,Coral,Porites_massive,95,
167,Coral,Pocillopora,4,
167,Coral,Acropora,1,
167,Macroalgae,Turbinaria,95,
167,Macroalgae,Sargassum,5,
166,Coral,Porites_massive,75,
166,Coral,Pocillopora,10,
166,Coral,Acropora,10,
166,Coral,Montipora,5,
166,Macroalgae,Turbinaria,60,
166,Macroalgae,Dictyota,30,
168,Coral,Porites_massive,55,
168,Coral,Pocillopora,25,
168,Coral,Acropora,15,
168,Coral,Montipora,5,
168,Macroalgae,Turbinaria,100,
163,Coral,Porites_rus,65,
163,Coral,Porites_massive,30,
163,Coral,Montipora,3,
163,Coral,Pocillopora,1,
163,Coral,Acropora,1,
163,Macroalgae,Turbinaria,60,
163,Macroalgae,Sargassum,5,
163,Macroalgae,Dictyota,30,
163,Macroalgae,Halimeda,5,
171,Coral,Porites_massive,70,
171,Coral,Pocillopora,20,
171,Coral,Montipora,5,
171,Coral,Acropora,5,
171,Macroalgae,Turbinaria,80,
171,Macroalgae,Dictyota,15,
171,Macroalgae,Halimeda,5,
164,Coral,Porites_rus,80,
164,Coral,Porites_massive,15,
164,Coral,Pocillopora_acuta,5,
164,Macroalgae,Turbinaria,70,
164,Macroalgae,Dictyota,30,
165,Coral,Porites_rus,98,
165,Coral,Porites_massive,1,
165,Coral,Pocillopora_acuta,1,
165,Macroalgae,Turbinaria,60,
165,Macroalgae,Dictyota,30,
165,Macroalgae,Halimeda,10,
173,Coral,Porites_massive,70,
173,Coral,Pocillopora,20,
173,Coral,Montipora,8,
173,Coral,Acropora,2,
173,Macroalgae,Turbinaria,80,
173,Macroalgae,Dictyota,10,
173,Macroalgae,Sargassum,10,
182,Coral,Porites_massive,80,
182,Coral,Montipora,15,
182,Coral,Pocillopora,4,
182,Coral,Acropora,1,
182,Macroalgae,Dictyota,80,
182,Macroalgae,Asparagopsis,20,
181,Coral,Porites_massive,55,
181,Coral,Montipora,20,
181,Coral,Pocillopora,15,
181,Coral,Acropora,10,
181,Macroalgae,Turbinaria,70,
181,Macroalgae,Sargassum,20,
181,Macroalgae,Dictyota,10,
176,Coral,Porites_rus,20,
176,Coral,Porites_massive,55,
176,Coral,Montipora,5,
176,Coral,Porites_branching,5,
176,Coral,Pocillopora,10,
176,Coral,Acropora,5,
176,Macroalgae,Turbinaria,80,
176,Macroalgae,Dictyota,10,
176,Macroalgae,Sargassum,10,
169,Coral,Porites_massive,70,
169,Coral,Porites_rus,10,
169,Coral,Pocillopora,10,
169,Coral,Montipora,5,
169,Coral,Acropora,5,
169,Macroalgae,Dictyota,50,
169,Macroalgae,Turbinaria,40,
169,Macroalgae,Halimeda,10,
170,Coral,Porites_massive,70,
170,Coral,Porites_rus,15,
170,Coral,Montipora,7,
170,Coral,Pocillopora,7,
170,Coral,Acropora,1,
170,Macroalgae,Turbinaria,70,
170,Macroalgae,Dictyota,20,
170,Macroalgae,Halimeda,10,
172,Coral,Millepora,10,
172,Coral,Porites_branching,54,
172,Coral,Pocillopora,23,
172,Coral,Porites_rus,13,
172,Macroalgae,Turbinaria,100,
186,Coral,Porites_massive,70,
186,Coral,Porites_rus,10,
186,Coral,Pocillopora,10,
186,Coral,Montipora,10,
186,Macroalgae,Turbinaria,70,
186,Macroalgae,Dictyota,20,
186,Macroalgae,Halimeda,10,
175,Coral,Porites_rus,55,
175,Coral,Acropora_pulchra,25,
175,Coral,Porites_massive,15,
175,Coral,Pocillopora,5,
175,Macroalgae,Padina,65,
175,Macroalgae,Turbinaria,30,
175,Macroalgae,Halimeda,5,
187,Coral,Porites_massive,60,
187,Coral,Porites_rus,20,
187,Coral,Montipora,15,
187,Coral,Pocillopora,4,
187,Coral,Acropora,1,
187,Macroalgae,Turbinaria,60,
187,Macroalgae,Dictyota,20,
187,Macroalgae,Sargassum,20,
185,Coral,Porites_massive,50,
185,Coral,Montipora,15,
185,Coral,Pocillopora,25,
185,Coral,Acropora,10,
185,Macroalgae,Turbinaria,70,
185,Macroalgae,Sargassum,20,
185,Macroalgae,Dictyota,10,
183,Coral,Porites_massive,80,
183,Coral,Montipora,15,
183,Coral,Pocillopora,5,
183,Macroalgae,Turbinaria,70,
183,Macroalgae,Dictyota,30,
158,Coral,Porites_massive,100,
158,Macroalgae,Turbinaria,55,
158,Macroalgae,Dictyota,30,
158,Macroalgae,Padina,8,
158,Macroalgae,Sargassum,7,
156,Coral,Porites_massive,80,
156,Coral,Montipora,20,
156,Macroalgae,Turbinaria,35,
156,Macroalgae,Padina,35,
156,Macroalgae,Dictyota,25,
156,Macroalgae,Sargassum,5,
184,Coral,Porites_massive,70,
184,Coral,Montipora,15,
184,Coral,Pocillopora,10,
184,Coral,Acropora,5,
184,Macroalgae,Turbinaria,80,
184,Macroalgae,Sargassum,5,
184,Macroalgae,Dictyota,10,
184,Macroalgae,Halimeda,5,
188,Coral,Porites_massive,60,
188,Coral,Pocillopora,25,
188,Coral,Montipora,10,
188,Coral,Acropora,5,
188,Macroalgae,Turbinaria,80,
188,Macroalgae,Dictyota,20,
180,Coral,Porites_massive,50,
180,Coral,Pocillopora,40,
180,Coral,Acropora,10,
180,Macroalgae,Turbinaria,60,
180,Macroalgae,Sargassum,30,
180,Macroalgae,Asparagopsis,10,
179,Coral,Porites_massive,70,
179,Coral,Montipora,20,
179,Coral,Pocillopora,10,
179,Macroalgae,Turbinaria,50,
179,Macroalgae,Sargassum,50,
177,Coral,Porites_massive,50,
177,Coral,Porites_rus,20,
177,Coral,Millepora,10,
177,Coral,Porites_branching,15,
177,Coral,Pocillopora,5,
177,Macroalgae,Turbinaria,80,
177,Macroalgae,Sargassum,15,
177,Macroalgae,Dictyota,5,
178,Coral,Porites_massive,50,
178,Coral,Porites_rus,40,
178,Coral,Millepora,7,
178,Coral,Pocillopora,3,
178,Macroalgae,Turbinaria,85,
178,Macroalgae,Dictyota,5,
178,Macroalgae,Padina,5,
178,Macroalgae,Sargassum,5,
Cooks1,Coral,Porites_massive,80,
Cooks1,Coral,Porites_rus,10,
Cooks1,Coral,Montipora,7,
Cooks1,Coral,Pavona,3,
Cooks1,Macroalgae,Dictyota,35,
Cooks1,Macroalgae,Padina,35,
Cooks1,Macroalgae,Turbinaria,10,
Cooks1,Macroalgae,Halimeda,20,
159,Coral,Porites_massive,100,
159,Macroalgae,Padina,50,
159,Macroalgae,Turbinaria,35,
159,Macroalgae,Sargassum,5,
159,Macroalgae,Dictyota,5,
159,Macroalgae,Halimeda,5,
130,Coral,Porites_massive,70,
130,Coral,Porites_rus,20,
130,Coral,Montipora,5,
130,Coral,Pocillopora,5,
130,Macroalgae,Turbinaria,60,
130,Macroalgae,Dictyota,40,
136,Coral,Porites_massive,70,
136,Coral,Porites_rus,25,
136,Coral,Montipora,5,
136,Macroalgae,Turbinaria,50,
136,Macroalgae,Dictyota,35,
136,Macroalgae,Padina,10,
136,Macroalgae,Sargassum,5,
133,Coral,Acropora_pulchra,65,
133,Coral,Porites_rus,25,
133,Coral,Porites_massive,10,
133,Macroalgae,Padina,80,
133,Macroalgae,Dictyota,10,
133,Macroalgae,Turbinaria,10,
134,Coral,Porites_massive,50,
134,Coral,Porites_rus,20,
134,Coral,Acropora_pulchra,15,
134,Coral,Pavona,10,
134,Coral,Montipora,5,
134,Macroalgae,Turbinaria,50,
134,Macroalgae,Dictyota,50,
139,Coral,Porites_massive,99,
139,Coral,Pocillopora,1,
139,Macroalgae,Turbinaria,65,
139,Macroalgae,Sargassum,20,
139,Macroalgae,Padina,10,
139,Macroalgae,Dictyota,5,
131,Coral,Porites_massive,96,
131,Coral,Pocillopora,4,
131,Macroalgae,Sargassum,45,
131,Macroalgae,Turbinaria,45,
131,Macroalgae,Dictyota,10,
132,Coral,Porites_massive,80,
132,Coral,Montipora,15,
132,Coral,Pocillopora,3,
132,Coral,Porites_rus,1,
132,Macroalgae,Sargassum,40,
132,Macroalgae,Turbinaria,40,
132,Macroalgae,Dictyota,20,
129,Coral,Porites_massive,100,
129,Macroalgae,Sargassum,50,
129,Macroalgae,Turbinaria,30,
129,Macroalgae,Padina,10,
129,Macroalgae,Halimeda,5,
129,Macroalgae,Amansia,5,
138,Coral,Porites_massive,100,
138,Macroalgae,Halimeda,25,
138,Macroalgae,Dictyota,35,
138,Macroalgae,Padina,30,
138,Macroalgae,Turbinaria,5,
138,Macroalgae,Sargassum,5,
126,Coral,Porites_massive,90,
126,Coral,Porites_rus,8,
126,Coral,Pocillopora_acuta,2,
126,Macroalgae,Dictyota,30,
126,Macroalgae,Halimeda,30,
126,Macroalgae,Padina,30,
126,Macroalgae,Turbinaria,5,
127,Coral,Porites_massive,75,
127,Coral,Porites_rus,20,
127,Macroalgae,Padina,55,
127,Macroalgae,Dictyota,40,
127,Macroalgae,Turbinaria,2,
127,Macroalgae,Sargassum,2,
128,Coral,Porites_rus,96,
128,Coral,Acropora_pulchra,2,
128,Coral,Porites_massive,1,
128,Coral,Pavona,1,
128,Macroalgae,Dictyota,50,
128,Macroalgae,Turbinaria,40,
128,Macroalgae,Sargassum,15,
128,Macroalgae,Halimeda,5,
62,Coral,Porites_massive,50,
62,Coral,Montipora,50,
62,Macroalgae,Turbinaria,50,
62,Macroalgae,Dictyota,20,
62,Macroalgae,Amansia,15,
62,Macroalgae,Halimeda,15,
61,Coral,Porites_massive,50,
61,Coral,Montipora,50,
61,Macroalgae,Dictyota,30,
61,Macroalgae,Padina,35,
61,Macroalgae,Turbinaria,10,
61,Macroalgae,Sargassum,10,
61,Macroalgae,Halimeda,15,
64,Coral,Montipora,60,
64,Coral,Porites_massive,35,
64,Coral,Porites_rus,5,
64,Macroalgae,Turbinaria,80,
64,Macroalgae,Dictyota,20,
60,Coral,Pocillopora,50,
60,Coral,Acropora,15,
60,Coral,Millepora,25,
60,Coral,Porites_massive,10,
60,Macroalgae,Turbinaria,100,
53,Coral,Porites_massive,50,
53,Coral,Montipora,35,
53,Coral,Millepora,10,
53,Coral,Pocillopora,5,
53,Macroalgae,Dictyota,50,
53,Macroalgae,Turbinaria,50,
58,Coral,Porites_massive,70,
58,Coral,Montipora,20,
58,Coral,Pocillopora,5,
58,Coral,Acropora,1,
58,Macroalgae,Turbinaria,75,
58,Macroalgae,Dictyota,20,
58,Macroalgae,Sargassum,1,
58,Macroalgae,Halimeda,2,
55,Coral,Montipora,75,
55,Coral,Porites_massive,20,
55,Coral,Millepora,3,
55,Coral,Pocillopora,1,
55,Coral,Acropora,1,
55,Macroalgae,Turbinaria,50,
55,Macroalgae,Dictyota,40,
55,Macroalgae,Amansia,10,
54,Coral,Porites_massive,80,
54,Coral,Montipora,20,
54,Macroalgae,Dictyota,20,
54,Macroalgae,Amansia,20,
54,Macroalgae,Padina,30,
54,Macroalgae,Halimeda,10,
54,Macroalgae,Sargassum,10,
54,Macroalgae,Turbinaria,10,
56,Coral,Porites_massive,50,
56,Coral,Montipora,50,
56,Macroalgae,Turbinaria,35,
56,Macroalgae,Dictyota,35,
56,Macroalgae,Amansia,20,
56,Macroalgae,Halimeda,10,
59,Coral,Porites_massive,50,
59,Coral,Montipora,50,
59,Macroalgae,Turbinaria,70,
59,Macroalgae,Dictyota,15,
59,Macroalgae,Amansia,10,
59,Macroalgae,Halimeda,5,
57,Coral,Porites_massive,75,
57,Coral,Montipora,20,
57,Coral,Pocillopora,5,
57,Macroalgae,Turbinaria,50,
57,Macroalgae,Dictyota,30,
57,Macroalgae,Amansia,15,
57,Macroalgae,Halimeda,5,
65,Coral,Pocillopora,65,
65,Coral,Porites_massive,15,
65,Coral,Montipora,15,
65,Coral,Acropora,5,
65,Macroalgae,Turbinaria,100,
73,Coral,Porites_massive,90,
73,Coral,Montipora,8,
73,Coral,Pocillopora,2,
73,Macroalgae,Turbinaria,70,
73,Macroalgae,Dictyota,20,
73,Macroalgae,Halimeda,10,
72,Coral,Pocillopora,30,
72,Coral,Millepora,30,
72,Coral,Acropora,10,
72,Coral,Montipora,30,
72,Macroalgae,Turbinaria,100,
69,Coral,Acropora_pulchra,50,
69,Coral,Porites_massive,40,
69,Coral,Montipora,5,
69,Coral,Pocillopora,5,
69,Macroalgae,Turbinaria,40,
69,Macroalgae,Dictyota,50,
69,Macroalgae,Halimeda,10,
63,Coral,Porites_massive,55,
63,Coral,Montipora,40,
63,Coral,Pocillopora,5,
63,Macroalgae,Dictyota,50,
63,Macroalgae,Turbinaria,40,
63,Macroalgae,Halimeda,10,
45,Coral,Porites_massive,95,
45,Coral,Montipora,4,
45,Coral,Pocillopora,1,
45,Macroalgae,Padina,50,
45,Macroalgae,Dictyota,20,
45,Macroalgae,Turbinaria,20,
45,Macroalgae,Amansia,5,
45,Macroalgae,Halimeda,5,
44,Coral,Porites_massive,85,
44,Coral,Montipora,15,
44,Macroalgae,Dictyota,40,
44,Macroalgae,Turbinaria,40,
44,Macroalgae,Amansia,10,
44,Macroalgae,Halimeda,10,
43,Coral,Porites_massive,80,
43,Coral,Montipora,15,
43,Coral,Pocillopora,5,
43,Coral,Acropora,1,
43,Macroalgae,Dictyota,30,
43,Macroalgae,Amansia,30,
43,Macroalgae,Turbinaria,30,
43,Macroalgae,Halimeda,10,
51,Coral,Pocillopora,50,
51,Coral,Porites_massive,25,
51,Coral,Montipora,20,
51,Coral,Acropora,5,
51,Macroalgae,Turbinaria,70,
51,Macroalgae,Halimeda,30,
205,Coral,Pocillopora,50,
205,Coral,Porites_massive,40,
205,Coral,Millepora,10,
205,Macroalgae,Turbinaria,70,
205,Macroalgae,Halimeda,30,
52,Coral,Pocillopora,70,
52,Coral,Acropora,25,
52,Coral,Porites_massive,5,
52,Macroalgae,Turbinaria,100,
66,Coral,Porites_massive,95,
66,Coral,Pocillopora,5,
66,Macroalgae,Turbinaria,70,
66,Macroalgae,Halimeda,25,
66,Macroalgae,Dictyota,5,
22,Coral,Porites_massive,60,
22,Coral,Montipora,25,
22,Coral,Pocillopora,15,
22,Macroalgae,Turbinaria,80,
22,Macroalgae,Halimeda,20,
50,Coral,Porites_massive,60,
50,Coral,Montipora,20,
50,Coral,Pocillopora,20,
50,Macroalgae,Turbinaria,55,
50,Macroalgae,Dictyota,20,
50,Macroalgae,Halimeda,20,
50,Macroalgae,Sargassum,5,
26,Coral,Porites_massive,90,
26,Coral,Montipora,10,
26,Macroalgae,Turbinaria,100,
32,Coral,Porites_massive,80,
32,Coral,Montipora,20,
32,Macroalgae,Turbinaria,95,
32,Macroalgae,Halimeda,3,
32,Macroalgae,Amansia,2,
27,Coral,Porites_massive,70,
27,Coral,Montipora,20,
27,Coral,Pocillopora,10,
27,Macroalgae,Turbinaria,70,
27,Macroalgae,Halimeda,20,
27,Macroalgae,Dictyota,10,
202,Coral,Porites_massive,95,
202,Coral,Montipora,5,
202,Macroalgae,Turbinaria,40,
202,Macroalgae,Halimeda,30,
202,Macroalgae,Dictyota,30,
79,Coral,Porites_massive,80,
79,Coral,Pocillopora,10,
79,Coral,Montipora,6,
79,Coral,Acropora,3,
79,Macroalgae,Halimeda,90,
79,Macroalgae,Turbinaria,10,
28,Coral,Porites_massive,75,
28,Coral,Montipora,25,
28,Coral,Pocillopora,5,
28,Macroalgae,Halimeda,60,
28,Macroalgae,Turbinaria,25,
28,Macroalgae,Dictyota,15,
48,Coral,Porites_massive,50,
48,Coral,Montipora,45,
48,Coral,Porites_rus,2,
48,Coral,Pocillopora,1,
48,Macroalgae,Turbinaria,40,
48,Macroalgae,Dictyota,30,
48,Macroalgae,Halimeda,30,
24,Coral,Porites_massive,97,
24,Coral,Pocillopora_acuta,1,
24,Coral,Montipora,1,
24,Coral,Porites_rus,1,
24,Macroalgae,Padina,30,
24,Macroalgae,Amansia,15,
24,Macroalgae,Halimeda,15,
24,Macroalgae,Turbinaria,15,
24,Macroalgae,Dictyota,15,
30,Coral,Porites_massive,85,
30,Coral,Montipora,10,
30,Coral,Millepora,5,
30,Macroalgae,Turbinaria,70,
30,Macroalgae,Halimeda,15,
30,Macroalgae,Dictyota,15,
25,Coral,Porites_massive,45,
25,Coral,Montipora,50,
25,Coral,Porites_rus,5,
25,Macroalgae,Dictyota,80,
25,Macroalgae,Turbinaria,20,
31,Coral,Porites_massive,80,
31,Coral,Montipora,20,
31,Macroalgae,Turbinaria,80,
31,Macroalgae,Dictyota,10,
31,Macroalgae,Halimeda,10,
135,Coral,Porites_massive,70,
135,Coral,Porites_rus,10,
135,Coral,Montipora,10,
135,Coral,Pocillopora,10,
135,Macroalgae,Turbinaria,60,
135,Macroalgae,Dictyota,30,
135,Macroalgae,Sargassum,10,
125,Coral,Porites_rus,45,
125,Coral,Porites_massive,45,
125,Coral,Montipora,10,
125,Macroalgae,Dictyota,35,
125,Macroalgae,Turbinaria,45,
125,Macroalgae,Padina,15,
Opu2,Coral,Porites_rus,60,
Opu2,Coral,Porites_massive,20,
Opu2,Coral,Pavona,20,
Opu2,Macroalgae,Turbinaria,50,
Opu2,Macroalgae,Padina,30,
Opu2,Macroalgae,Sargassum,10,
Opu2,Macroalgae,Dictyota,5,
Opu2,Macroalgae,Halimeda,5,
Opu1,Coral,Porites_rus,40,
Opu1,Coral,Porites_massive,50,
Opu1,Coral,Montipora,10,
Opu1,Macroalgae,Turbinaria,50,
Opu1,Macroalgae,Padina,30,
Opu1,Macroalgae,Sargassum,10,
Opu1,Macroalgae,Dictyota,10,
119,Coral,Porites_massive,70,
119,Coral,Porites_rus,10,
119,Coral,Montipora,10,
119,Coral,Pocillopora,8,
119,Coral,Acropora,2,
119,Macroalgae,Turbinaria,70,
119,Macroalgae,Dictyota,30,
118,Coral,Porites_rus,45,
118,Coral,Porites_massive,25,
118,Coral,Montipora,30,
118,Macroalgae,Turbinaria,65,
118,Macroalgae,Dictyota,25,
118,Macroalgae,Sargassum,5,
118,Macroalgae,Halimeda,5,
120,Coral,Porites_massive,55,
120,Coral,Porites_rus,10,
120,Coral,Montipora,15,
120,Coral,Pocillopora,15,
120,Coral,Acropora,5,
120,Macroalgae,Turbinaria,80,
120,Macroalgae,Dictyota,10,
120,Macroalgae,Halimeda,5,
120,Macroalgae,Asparagopsis,5,
121,Coral,Porites_rus,50,
121,Coral,Porites_massive,50,
121,Macroalgae,Turbinaria,45,
121,Macroalgae,Dictyota,30,
121,Macroalgae,Halimeda,5,
121,Macroalgae,Sargassum,20,
122,Coral,Pocillopora,80,
122,Coral,Acropora,20,
122,Macroalgae,Turbinaria,90,
122,Macroalgae,Sargassum,10,
124,Coral,Pocillopora,90,
124,Coral,Acropora,10,
124,Macroalgae,Turbinaria,100,
200,Coral,Porites_rus,75,
200,Coral,Acropora_pulchra,20,
200,Coral,Porites_massive,5,
200,Macroalgae,Turbinaria,30,
200,Macroalgae,Dictyota,30,
200,Macroalgae,Padina,30,
200,Macroalgae,Halimeda,10,
123,Coral,Porites_rus,50,
123,Coral,Porites_massive,40,
123,Coral,Acropora_pulchra,10,
123,Macroalgae,Turbinaria,40,
123,Macroalgae,Padina,40,
123,Macroalgae,Dictyota,15,
123,Macroalgae,Halimeda,5,
1,Coral,Porites_rus,90,
1,Coral,Montipora,10,
1,Macroalgae,Turbinaria,20,
1,Macroalgae,Dictyota,40,
1,Macroalgae,Halimeda,40,
2,Coral,Porites_massive,60,
2,Coral,Montipora,35,
2,Coral,Pocillopora,2,
2,Macroalgae,Dictyota,40,
2,Macroalgae,Halimeda,20,
2,Macroalgae,Turbinaria,30,
2,Macroalgae,Amansia,10,
9,Coral,Porites_massive,50,
9,Coral,Montipora,45,
9,Coral,Pocillopora,2,
9,Macroalgae,Turbinaria,40,
9,Macroalgae,Dictyota,30,
9,Macroalgae,Halimeda,30,
12,Coral,Montipora,60,
12,Coral,Porites_massive,20,
12,Coral,Pocillopora,20,
12,Macroalgae,Turbinaria,70,
12,Macroalgae,Halimeda,20,
12,Macroalgae,Asparagopsis,5,
12,Macroalgae,Dictyota,5,
13,Coral,Porites_massive,55,
13,Coral,Montipora,25,
13,Coral,Porites_rus,10,
13,Coral,Pocillopora,5,
13,Coral,Porites_branching,5,
13,Macroalgae,Turbinaria,98,
13,Macroalgae,Halimeda,2,
16,Coral,Pocillopora_acuta,70,
16,Coral,Montipora,20,
16,Coral,Porites_massive,10,
16,Macroalgae,Turbinaria,30,
16,Macroalgae,Halimeda,40,
16,Macroalgae,Dictyota,30,
17,Coral,Porites_massive,60,
17,Coral,Montipora,30,
17,Coral,Pocillopora_acuta,10,
17,Macroalgae,Turbinaria,30,
17,Macroalgae,Sargassum,25,
17,Macroalgae,Dictyota,25,
17,Macroalgae,Amansia,10,
17,Macroalgae,Halimeda,10,
18,Coral,Pocillopora,80,
18,Coral,Porites_massive,20,
18,Macroalgae,Turbinaria,80,
18,Macroalgae,Halimeda,10,
18,Macroalgae,Dictyota,10,
19,Coral,Porites_massive,85,
19,Coral,Montipora,10,
19,Coral,Pocillopora,2,
19,Macroalgae,Turbinaria,70,
19,Macroalgae,Halimeda,20,
19,Macroalgae,Amansia,10,
20,Coral,Porites_massive,65,
20,Coral,Montipora,25,
20,Coral,Pocillopora,5,
20,Macroalgae,Turbinaria,40,
20,Macroalgae,Halimeda,40,
20,Macroalgae,Dictyota,10,
21,Coral,Porites_rus,65,
21,Coral,Pavona,10,
21,Coral,Pocillopora_acuta,10,
21,Coral,Montipora,10,
21,Macroalgae,Halimeda,40,
21,Macroalgae,Dictyota,40,
21,Macroalgae,Turbinaria,10,
21,Macroalgae,Padina,10,
29,Coral,Montipora,55,
29,Coral,Porites_massive,40,
29,Coral,Pocillopora,5,
29,Macroalgae,Turbinaria,65,
29,Macroalgae,Dictyota,10,
29,Macroalgae,Halimeda,10,
29,Macroalgae,Amansia,15,
33,Coral,Porites_massive,70,
33,Coral,Montipora,20,
33,Coral,Pocillopora,3,
33,Macroalgae,Turbinaria,40,
33,Macroalgae,Halimeda,30,
33,Macroalgae,Dictyota,20,
33,Macroalgae,Amansia,10,
34,Coral,Porites_massive,85,
34,Coral,Montipora,10,
34,Macroalgae,Turbinaria,40,
34,Macroalgae,Amansia,25,
34,Macroalgae,Dictyota,25,
34,Macroalgae,Halimeda,10,
35,Coral,Porites_rus,40,
35,Coral,Porites_massive,40,
35,Coral,Montipora,15,
35,Macroalgae,Turbinaria,40,
35,Macroalgae,Halimeda,30,
35,Macroalgae,Dictyota,20,
35,Macroalgae,Amansia,10,
36,Coral,Porites_massive,95,
36,Coral,Millepora,3,
36,Macroalgae,Turbinaria,50,
36,Macroalgae,Halimeda,40,
36,Macroalgae,Dictyota,5,
36,Macroalgae,Padina,5,
37,Coral,Porites_massive,80,
37,Coral,Montipora,10,
37,Coral,Pocillopora,5,
37,Macroalgae,Halimeda,55,
37,Macroalgae,Turbinaria,30,
37,Macroalgae,Amansia,10,
37,Macroalgae,Dictyota,5,
38,Coral,Porites_massive,95,
38,Coral,Montipora,3,
38,Coral,Pocillopora,2,
38,Macroalgae,Dictyota,55,
38,Macroalgae,Halimeda,20,
38,Macroalgae,Turbinaria,20,
38,Macroalgae,Padina,5,
39,Coral,Porites_massive,60,
39,Coral,Millepora,30,
39,Coral,Montipora,5,
39,Macroalgae,Turbinaria,75,
39,Macroalgae,Dictyota,25,
40,Coral,Porites_massive,65,
40,Coral,Montipora,20,
40,Coral,Millepora,10,
40,Coral,Pocillopora,5,
40,Macroalgae,Turbinaria,85,
40,Macroalgae,Halimeda,15,
41,Coral,Porites_massive,65,
41,Coral,Montipora,30,
41,Coral,Pocillopora,2,
41,Macroalgae,Turbinaria,90,
41,Macroalgae,Dictyota,5,
41,Macroalgae,Halimeda,5,
42,Coral,Porites_massive,95,
42,Coral,Montipora,5,
42,Macroalgae,Turbinaria,55,
42,Macroalgae,Dictyota,35,
42,Macroalgae,Halimeda,10,
67,Coral,Porites_massive,40,
67,Coral,Porites_rus,40,
67,Coral,Montipora,20,
67,Macroalgae,Dictyota,70,
67,Macroalgae,Halimeda,20,
67,Macroalgae,Padina,10,
70,Coral,Acropora_pulchra,80,
70,Coral,Montipora,5,
70,Coral,Porites_massive,15,
70,Macroalgae,Dictyota,70,
70,Macroalgae,Turbinaria,20,
70,Macroalgae,Halimeda,10,
71,Coral,Porites_massive,70,
71,Coral,Montipora,25,
71,Coral,Pocillopora,2,
71,Macroalgae,Dictyota,60,
71,Macroalgae,Turbinaria,30,
71,Macroalgae,Halimeda,10,
74,Coral,Porites_massive,60,
74,Coral,Montipora,35,
74,Coral,Pocillopora,2,
74,Macroalgae,Dictyota,70,
74,Macroalgae,Turbinaria,20,
74,Macroalgae,Halimeda,10,
75,Coral,Porites_rus,35,
75,Coral,Acropora_pulchra,25,
75,Coral,Porites_massive,25,
75,Coral,Montipora,10,
75,Coral,Acropora_cytherea,3,
75,Macroalgae,Dictyota,60,
75,Macroalgae,Turbinaria,40,
76,Coral,Acropora_pulchra,95,
76,Coral,Montipora,4,
76,Coral,Pocillopora,1,
76,Macroalgae,Dictyota,80,
76,Macroalgae,Halimeda,20,
77,Coral,Porites_massive,65,
77,Coral,Montipora,30,
77,Coral,Porites_rus,3,
77,Coral,Pocillopora,2,
77,Macroalgae,Dictyota,80,
77,Macroalgae,Turbinaria,20,
78,Coral,Porites_massive,55,
78,Coral,Montipora,30,
78,Coral,Acropora_pulchra,10,
78,Coral,Pocillopora,2,
78,Macroalgae,Turbinaria,40,
78,Macroalgae,Dictyota,60,
80,Coral,Porites_massive,10,
80,Coral,Pocillopora_acuta,80,
80,Coral,Montipora,10,
80,Macroalgae,Turbinaria,30,
80,Macroalgae,Dictyota,65,
80,Macroalgae,Padina,5,
81,Coral,Porites_massive,80,
81,Coral,Montipora,20,
81,Macroalgae,Turbinaria,99,
81,Macroalgae,Halimeda,1,
82,Coral,Porites_massive,80,
82,Coral,Porites_rus,5,
82,Coral,Pocillopora,5,
82,Coral,Montipora,10,
82,Macroalgae,Turbinaria,93,
82,Macroalgae,Dictyota,3,
82,Soft_coral,Soft_coral,5,
83,Coral,Porites_massive,55,
83,Coral,Pocillopora,30,
83,Coral,Montipora,15,
83,Macroalgae,Turbinaria,95,
83,Macroalgae,Dictyota,4,
83,Macroalgae,Halimeda,1,
84,Coral,Porites_massive,65,
84,Coral,Montipora,20,
84,Coral,Pocillopora,15,
84,Macroalgae,Turbinaria,95,
84,Macroalgae,Halimeda,1,
84,Macroalgae,Dictyota,4,
85,Coral,Porites_massive,60,
85,Coral,Porites_branching,5,
85,Coral,Montipora,30,
85,Coral,Pocillopora,5,
85,Macroalgae,Turbinaria,85,
85,Macroalgae,Dictyota,10,
85,Macroalgae,Halimeda,5,
86,Coral,Montipora,80,
86,Coral,Porites_rus,5,
86,Coral,Pavona,5,
86,Coral,Pocillopora,3,
86,Coral,Acropora,7,
86,Macroalgae,Turbinaria,40,
86,Macroalgae,Dictyota,60,
87,Coral,Montipora,70,
87,Coral,Porites_rus,10,
87,Coral,Pocillopora_acuta,10,
87,Coral,Pavona,10,
87,Macroalgae,Dictyota,95,
87,Macroalgae,Halimeda,4,
87,Macroalgae,Turbinaria,1,
89,Coral,Montipora,60,
89,Coral,Pavona,5,
89,Coral,Acropora,5,
89,Coral,Porites_rus,5,
89,Coral,Porites_massive,20,
89,Coral,Pocillopora,2,
89,Macroalgae,Dictyota,75,
89,Macroalgae,Halimeda,5,
89,Macroalgae,Turbinaria,20,
90,Coral,Montipora,70,
90,Coral,Porites_massive,25,
90,Coral,Pocillopora,2,
90,Macroalgae,Turbinaria,30,
90,Macroalgae,Dictyota,40,
90,Macroalgae,Halimeda,30,
91,Coral,Porites_massive,60,
91,Coral,Montipora,25,
91,Coral,Porites_rus,2,
91,Coral,Pocillopora,10,
91,Macroalgae,Turbinaria,5,
91,Macroalgae,Dictyota,50,
91,Macroalgae,Halimeda,45,
92,Coral,Porites_massive,50,
92,Coral,Montipora,35,
92,Coral,Pocillopora,10,
92,Coral,Acropora,5,
92,Macroalgae,Turbinaria,20,
92,Macroalgae,Halimeda,30,
92,Macroalgae,Dictyota,50,
93,Coral,Pocillopora_acuta,15,
93,Coral,Montipora,30,
93,Coral,Porites_rus,40,
93,Coral,Porites_massive,10,
93,Coral,Pavona,2,
93,Macroalgae,Turbinaria,20,
93,Macroalgae,Dictyota,50,
93,Macroalgae,Halimeda,15,
93,Macroalgae,Padina,10,
94,Coral,Porites_rus,10,
94,Coral,Pavona,10,
94,Coral,Montipora,50,
94,Coral,Porites_massive,30,
94,Macroalgae,Dictyota,40,
94,Macroalgae,Turbinaria,30,
94,Macroalgae,Halimeda,30,
95,Coral,Porites_massive,50,
95,Coral,Montipora,40,
95,Coral,Pocillopora,10,
95,Macroalgae,Dictyota,30,
95,Macroalgae,Halimeda,60,
95,Macroalgae,Turbinaria,5,
96,Coral,Porites_rus,80,
96,Coral,Pocillopora_acuta,15,
96,Coral,Montipora,5,
96,Macroalgae,Turbinaria,25,
96,Macroalgae,Halimeda,20,
96,Macroalgae,Dictyota,50,
96,Macroalgae,Padina,5,
98,Coral,Montipora,50,
98,Coral,Porites_massive,30,
98,Coral,Pocillopora_acuta,5,
98,Coral,Porites_rus,10,
98,Coral,Pavona,5,
98,Macroalgae,Turbinaria,20,
98,Macroalgae,Dictyota,65,
98,Macroalgae,Halimeda,15,
108,Coral,Porites_massive,50,
108,Coral,Montipora,45,
108,Coral,Pocillopora,2,
108,Macroalgae,Dictyota,50,
108,Macroalgae,Halimeda,35,
108,Macroalgae,Turbinaria,5,
108,Macroalgae,Lobophora,2,
108,Macroalgae,Amansia,10,
109,Coral,Montipora,60,
109,Coral,Porites_massive,35,
109,Coral,Pavona,5,
109,Macroalgae,Turbinaria,20,
109,Macroalgae,Halimeda,45,
109,Macroalgae,Dictyota,25,
109,Macroalgae,Amansia,10,
110,Coral,Porites_rus,60,
110,Coral,Pocillopora_acuta,10,
110,Coral,Pavona,10,
110,Coral,Acropora_pulchra,20,
110,Macroalgae,Caulerpa,10,
110,Macroalgae,Halimeda,40,
110,Macroalgae,Dictyota,40,
110,Macroalgae,Padina,5,
110,Macroalgae,Turbinaria,5,
111,Coral,Porites_massive,45,
111,Coral,Montipora,45,
111,Coral,Acropora_pulchra,3,
111,Coral,Pocillopora,2,
111,Macroalgae,Halimeda,50,
111,Macroalgae,Turbinaria,25,
111,Macroalgae,Dictyota,25,
112,Coral,Porites_massive,40,
112,Coral,Montipora,60,
112,Macroalgae,Halimeda,20,
112,Macroalgae,Dictyota,50,
112,Macroalgae,Turbinaria,30,
113,Coral,Porites_rus,40,
113,Coral,Montipora,15,
113,Coral,Porites_massive,40,
113,Coral,Pocillopora_acuta,5,
113,Macroalgae,Halimeda,20,
113,Macroalgae,Dictyota,30,
113,Macroalgae,Turbinaria,5,
113,Macroalgae,Caulerpa,50,
114,Coral,Porites_massive,65,
114,Coral,Montipora,30,
114,Coral,Pocillopora,2,
114,Macroalgae,Turbinaria,25,
114,Macroalgae,Halimeda,50,
114,Macroalgae,Dictyota,25,
115,Coral,Porites_massive,40,
115,Coral,Montipora,60,
115,Macroalgae,Dictyota,50,
115,Macroalgae,Turbinaria,20,
115,Macroalgae,Jania,10,
115,Macroalgae,Halimeda,20,
116,Coral,Porites_massive,60,
116,Coral,Montipora,40,
116,Macroalgae,Turbinaria,20,
116,Macroalgae,Halimeda,25,
116,Macroalgae,Amansia,10,
116,Macroalgae,Dictyota,40,
116,Macroalgae,Sargassum,5,
117,Coral,Porites_massive,40,
117,Coral,Montipora,60,
117,Macroalgae,Turbinaria,20,
117,Macroalgae,Dictyota,35,
117,Macroalgae,Halimeda,40,
117,Macroalgae,Asparagopsis,5,
140,Coral,Porites_massive,70,
140,Coral,Montipora,25,
140,Coral,Pocillopora,5,
140,Macroalgae,Dictyota,5,
140,Macroalgae,Halimeda,5,
140,Macroalgae,Padina,10,
140,Macroalgae,Turbinaria,55,
140,Macroalgae,Sargassum,25,
141,Coral,Porites_massive,70,
141,Coral,Montipora,25,
141,Coral,Pocillopora,5,
141,Macroalgae,Turbinaria,65,
141,Macroalgae,Sargassum,25,
141,Macroalgae,Padina,5,
141,Macroalgae,Dictyota,5,
142,Coral,Porites_massive,80,
142,Coral,Montipora,20,
142,Macroalgae,Turbinaria,40,
142,Macroalgae,Sargassum,35,
142,Macroalgae,Padina,15,
142,Macroalgae,Dictyota,5,
142,Macroalgae,Halimeda,5,
143,Coral,Porites_massive,90,
143,Coral,Montipora,10,
143,Macroalgae,Turbinaria,50,
143,Macroalgae,Sargassum,30,
143,Macroalgae,Dictyota,10,
143,Macroalgae,Padina,10,
144,Coral,Porites_massive,70,
144,Coral,Montipora,30,
144,Macroalgae,Turbinaria,30,
144,Macroalgae,Sargassum,40,
144,Macroalgae,Padina,25,
144,Macroalgae,Dictyota,5,
145,Coral,Porites_rus,80,
145,Coral,Porites_massive,20,
145,Macroalgae,Turbinaria,40,
145,Macroalgae,Dictyota,35,
145,Macroalgae,Padina,20,
145,Macroalgae,Halimeda,5,
146,Coral,Porites_massive,75,
146,Coral,Montipora,20,
146,Coral,Pocillopora,2,
146,Macroalgae,Turbinaria,65,
146,Macroalgae,Dictyota,15,
146,Macroalgae,Sargassum,10,
146,Macroalgae,Halimeda,5,
146,Macroalgae,Padina,5,
147,Coral,Porites_massive,90,
147,Coral,Pocillopora,2,
147,Coral,Montipora,5,
147,Macroalgae,Sargassum,50,
147,Macroalgae,Turbinaria,40,
147,Macroalgae,Dictyota,5,
147,Macroalgae,Padina,5,
148,Coral,Porites_massive,50,
148,Coral,Montipora,40,
148,Coral,Pocillopora,10,
148,Macroalgae,Turbinaria,45,
148,Macroalgae,Sargassum,20,
148,Macroalgae,Dictyota,10,
148,Macroalgae,Padina,20,
148,Macroalgae,Halimeda,5,
149,Coral,Porites_massive,60,
149,Coral,Montipora,30,
149,Coral,Pocillopora,3,
149,Macroalgae,Turbinaria,50,
149,Macroalgae,Sargassum,35,
149,Macroalgae,Dictyota,10,
149,Macroalgae,Amansia,5,
150,Coral,Porites_massive,70,
150,Coral,Montipora,20,
150,Coral,Porites_rus,5,
150,Macroalgae,Turbinaria,50,
150,Macroalgae,Padina,40,
150,Macroalgae,Dictyota,10,
151,Coral,Porites_massive,80,
151,Coral,Montipora,15,
151,Coral,Pocillopora,2,
151,Macroalgae,Turbinaria,60,
151,Macroalgae,Sargassum,20,
151,Macroalgae,Dictyota,15,
151,Macroalgae,Padina,5,
152,Coral,Porites_massive,60,
152,Coral,Montipora,30,
152,Coral,Pocillopora,5,
152,Macroalgae,Turbinaria,50,
152,Macroalgae,Halimeda,10,
152,Macroalgae,Padina,25,
152,Macroalgae,Dictyota,10,
152,Macroalgae,Amansia,5,
153,Coral,Porites_massive,80,
153,Coral,Montipora,15,
153,Coral,Pocillopora,5,
153,Macroalgae,Turbinaria,40,
153,Macroalgae,Sargassum,40,
153,Macroalgae,Dictyota,10,
153,Macroalgae,Amansia,10,
154,Coral,Porites_massive,65,
154,Coral,Montipora,20,
154,Coral,Porites_rus,5,
154,Coral,Pocillopora,5,
154,Macroalgae,Turbinaria,50,
154,Macroalgae,Padina,30,
154,Macroalgae,Dictyota,10,
154,Macroalgae,Halimeda,10,
155,Coral,Porites_massive,80,
155,Coral,Porites_rus,5,
155,Coral,Acropora_pulchra,2,
155,Coral,Montipora,10,
155,Macroalgae,Turbinaria,60,
155,Macroalgae,Dictyota,15,
155,Macroalgae,Padina,10,
155,Macroalgae,Sargassum,5,
155,Macroalgae,Halimeda,10,
157,Coral,Porites_rus,70,
157,Coral,Porites_massive,15,
157,Coral,Montipora,10,
157,Macroalgae,Turbinaria,60,
157,Macroalgae,Padina,30,
157,Macroalgae,Dictyota,10,
160,Coral,Porites_massive,90,
160,Coral,Pocillopora,1,
160,Coral,Acropora,1,
160,Coral,Montipora,5,
160,Macroalgae,Turbinaria,60,
160,Macroalgae,Sargassum,20,
160,Macroalgae,Dictyota,20,
201,Coral,Porites_massive,70,
201,Coral,Montipora,25,
201,Coral,Pocillopora,3,
201,Macroalgae,Amansia,10,
201,Macroalgae,Turbinaria,50,
201,Macroalgae,Dictyota,30,
201,Macroalgae,Halimeda,10,
203,Coral,Montipora,95,
203,Macroalgae,Dictyota,40,
203,Macroalgae,Halimeda,30,
203,Macroalgae,Amphiroa,30,
204,Coral,Acropora_pulchra,65,
204,Coral,Porites_rus,25,
204,Coral,Montipora,5,
204,Coral,Pavona,3,
204,Macroalgae,Turbinaria,60,
204,Macroalgae,Dictyota,30,
204,Macroalgae,Padina,10,
206,Coral,Porites_massive,80,
206,Coral,Montipora,15,
206,Macroalgae,Padina,40,
206,Macroalgae,Dictyota,30,
206,Macroalgae,Halimeda,20,
206,Macroalgae,Turbinaria,10,
207,Coral,Porites_massive,60,
207,Coral,Porites_rus,25,
207,Coral,Montipora,10,
207,Coral,Pocillopora,5,
207,Macroalgae,Halimeda,60,
207,Macroalgae,Turbinaria,30,
207,Macroalgae,Amansia,10,
208,Coral,Porites_rus,75,
208,Coral,Montipora,10,
208,Coral,Pavona,2,
208,Coral,Pocillopora_acuta,3,
208,Coral,Acropora_pulchra,10,
208,Macroalgae,Turbinaria,60,
208,Macroalgae,Dictyota,30,
208,Macroalgae,Halimeda,5,
208,Macroalgae,Caulerpa,5,
209,Coral,Porites_rus,70,
209,Coral,Montipora,15,
209,Coral,Pocillopora_acuta,5,
209,Coral,Pavona,5,
209,Coral,Porites_massive,5,
209,Macroalgae,Turbinaria,5,
209,Macroalgae,Dictyota,60,
209,Macroalgae,Halimeda,35,
CG1,Coral,Porites_massive,55,
CG1,Coral,Montipora,35,
CG1,Coral,Pocillopora,3,
CG1,Coral,Porites_rus,5,
CG1,Macroalgae,Dictyota,40,
CG1,Macroalgae,Turbinaria,40,
CG1,Macroalgae,Halimeda,20,
LTER_3_Backreef,Coral,Porites_massive,55,
LTER_3_Backreef,Coral,Montipora,35,
LTER_3_Backreef,Coral,Pocillopora,5,
LTER_3_Backreef,Macroalgae,Dictyota,45,
LTER_3_Backreef,Macroalgae,Turbinaria,45,
LTER_3_Backreef,Macroalgae,Halimeda,10,
LTER_3_Fringe,Coral,Acropora_pulchra,60,
LTER_3_Fringe,Coral,Porites_rus,30,
LTER_3_Fringe,Coral,Montipora,10,
LTER_3_Fringe,Macroalgae,Dictyota,40,
LTER_3_Fringe,Macroalgae,Halimeda,30,
LTER_3_Fringe,Macroalgae,Turbinaria,30,
